{ "results": [

  {"objectId":"530896a4e4b01ec7d091498e","ACL":{"*":{"read":true}},"ChildName":"吃饭","Index":"1","createdAt":"2014-02-22T20:23:00.621Z","parentObjectId":"53088f55e4b01ec7d09138ab","updatedAt":"2014-02-22T20:34:21.312Z"},
  {"objectId":"530896ade4b01ec7d09149a0","ACL":{"*":{"read":true}},"ChildName":"睡觉","Index":"2","createdAt":"2014-02-22T20:23:09.885Z","parentObjectId":"53088f55e4b01ec7d09138ab","updatedAt":"2014-02-22T20:25:44.416Z"},
  {"objectId":"530896b4e4b01ec7d09149ac","ACL":{"*":{"read":true}},"ChildName":"走路","Index":"3","createdAt":"2014-02-22T20:23:16.017Z","parentObjectId":"53088f55e4b01ec7d09138ab","updatedAt":"2014-02-22T20:25:44.884Z"},
  {"objectId":"530896bde4b01ec7d09149d1","ACL":{"*":{"read":true}},"ChildName":"开车","Index":"4","createdAt":"2014-02-22T20:23:25.164Z","parentObjectId":"53088f55e4b01ec7d09138ab","updatedAt":"2014-02-22T20:25:45.768Z"},
  {"objectId":"530896fbe4b01ec7d0914a34","ACL":{"*":{"read":true}},"ChildName":"洗澡","Index":"5","createdAt":"2014-02-22T20:24:27.049Z","parentObjectId":"53088f55e4b01ec7d09138ab","updatedAt":"2014-02-22T20:25:46.796Z"},
  {"objectId":"53089931e4b01ec7d0915000","ACL":{"*":{"read":true}},"ChildName":"上班","Index":"1","createdAt":"2014-02-22T20:33:53.847Z","parentObjectId":"53088fabe4b01ec7d091395c","updatedAt":"2014-02-22T20:34:35.617Z"},
  {"objectId":"5308993be4b01ec7d091500e","ACL":{"*":{"read":true}},"ChildName":"工作","Index":"2","createdAt":"2014-02-22T20:34:03.413Z","parentObjectId":"53088fabe4b01ec7d091395c","updatedAt":"2014-02-22T20:34:36.522Z"},
  {"objectId":"53089940e4b01ec7d0915015","ACL":{"*":{"read":true}},"ChildName":"下班","Index":"3","createdAt":"2014-02-22T20:34:08.454Z","parentObjectId":"53088fabe4b01ec7d091395c","updatedAt":"2014-02-22T20:35:46.677Z"},
  {"objectId":"5308997be4b01ec7d091508c","ACL":{"*":{"read":true}},"ChildName":"玩电脑","Index":"1","createdAt":"2014-02-22T20:35:07.475Z","parentObjectId":"53088fa4e4b01ec7d091394e","updatedAt":"2014-02-22T20:36:00.497Z"},
  {"objectId":"53089983e4b01ec7d091509d","ACL":{"*":{"read":true}},"ChildName":"体育活动","Index":"2","createdAt":"2014-02-22T20:35:15.775Z","parentObjectId":"53088fa4e4b01ec7d091394e","updatedAt":"2014-02-22T20:36:00.868Z"},
  {"objectId":"53089993e4b01ec7d09150ab","ACL":{"*":{"read":true}},"ChildName":"唱K","Index":"3","createdAt":"2014-02-22T20:35:31.100Z","parentObjectId":"53088fa4e4b01ec7d091394e","updatedAt":"2014-02-22T20:36:02.263Z"},
  {"objectId":"53089997e4b01ec7d09150ae","ACL":{"*":{"read":true}},"ChildName":"聚餐","Index":"4","createdAt":"2014-02-22T20:35:35.598Z","parentObjectId":"53088fa4e4b01ec7d091394e","updatedAt":"2014-02-23T00:38:05.939Z"},
  {"objectId":"5308d262e4b01ec7d091946b","ACL":{"*":{"read":true}},"ChildName":"上厕所","Index":"6","createdAt":"2014-02-23T00:37:54.712Z","parentObjectId":"53088f55e4b01ec7d09138ab","updatedAt":"2014-02-23T00:39:49.773Z"},
  {"objectId":"5308d2cae4b01ec7d091948c","ACL":{"*":{"read":true}},"ChildName":"忙里偷闲","Index":"4","createdAt":"2014-02-23T00:39:38.986Z","parentObjectId":"53088fabe4b01ec7d091395c","updatedAt":"2014-02-23T00:39:55.823Z"}] }